Last Name,First Name,UserID,Major-Year
Dougherty,Antwan,ADougherty556
Knox,Patrick,PKnoxx539
Parrish,Shane,SParrish474
Kerr,Jerome,JKerrx130
Foley,Adriel,AFoley752
Wagner,Seamus,SWagner837
Hobbs,Ashton,AHobbs844
Petty,Evie,EPetty205
Myers,Leandro,LMyers183
Roberts,Julia,JRoberts830
Brandt,Lukas,LBrandt112
Livingston,Alani,ALivingston006
Peterson,Jamiya,JPeterson639
Roy,Kirsten,KRoyxx825
Copeland,Johnny,JCopeland583
Wong,Amirah,AWongx533
Kline,Luciano,LKline201
Joseph,Lance,LJoseph641
Rangel,Paula,PRangel431
Massey,Jamie,JMassey853
Rubio,Karli,KRubio755
Mcguire,Ellis,EMcguire534
Oliver,Madyson,MOliver668
Fry,Serenity,SFryxx411
Leon,Jaliyah,JLeonx981
Guerrero,Parker,PGuerrero247
Kemp,Milagros,MKempx897
Garza,Aniya,AGarza601
Roberts,Zoe,ZRoberts528
Chan,Ryder,RChanx239
Norton,Antonio,ANorton172
Kim,Jazlene,JKimxx224
Cox,America,ACoxxx781
Rogers,Colby,CRogers208
Conrad,Stella,SConrad746
Mccullough,Micheal,MMccullough223
Hardy,Kolby,KHardy119
Tapia,Sophia,STapia838
Jacobson,Addison,AJacobson891
Terrell,Aimee,ATerrell390
Cannon,Abagail,ACannon376
Conrad,Donald,DConrad782
Medina,Tiana,TMedina667
Vasquez,Edwin,EVasquez466
Mcclain,Sofia,SMcclain732
Nash,Braylon,BNashx498
Buchanan,Chaya,CBuchanan425
Juarez,Charlize,CJuarez304
Yu,Xzavier,XYuxxx036
Kent,Timothy,TKentx916
Jones,Bailee,BJones121
Hoover,Elizabeth,EHoover898
Ramos,Jaida,JRamos123
Livingston,Perla,PLivingston240
Simpson,Shayna,SSimpson529
Dawson,Jan,JDawson556
Huffman,Aryana,AHuffman629
Fernandez,Hillary,HFernandez684
Barnes,Hillary,HBarnes360
Parks,Kayla,KParks990
Murphy,Todd,TMurphy455
Kelley,Melissa,MKelley398
Gross,Abbigail,AGross563
Benton,Alina,ABenton825
Klein,Jadon,JKlein317
Love,Saul,SLovex880
Galvan,Ingrid,IGalvan204
Logan,Zachery,ZLogan143
Singleton,Rubi,RSingleton219
Esparza,Emiliano,EEsparza346
Salazar,Sierra,SSalazar642
Blair,Ashlyn,ABlair906
Barrera,Destiney,DBarrera582
Good,Armani,AGoodx042
Mcneil,Maximus,MMcneil765
Peters,Jalen,JPeters543
Preston,Chana,CPreston732
Simmons,Asia,ASimmons665
Mccarty,Ronan,RMccarty097
Mitchell,Adrianna,AMitchell124
Evans,Molly,MEvans887
Mcclure,Lilah,LMcclure119
Riddle,Lola,LRiddle430
Novak,Khloe,KNovak114
Harding,Elyse,EHarding535
Clark,Aditya,AClark822
Patterson,Alvin,APatterson967
Benson,Deegan,DBenson951
Mcbride,Aaron,AMcbride611
West,Lilyana,LWestx516
Liu,Connor,CLiuxx936
Camacho,Asher,ACamacho735
Hancock,Myles,MHancock239
Cook,Asher,ACookx286
Tanner,Cale,CTanner834
Hester,Trent,THester168
Romero,Cristofer,CRomero870
Caldwell,Maren,MCaldwell745
Long,Matthew,MLongx733
Booker,Remington,RBooker222
